test,method,ppc,flip_coef_pic,runs,wall_time_mean_s,wall_time_std_s,final_kinetic_energy_mean,final_kinetic_energy_std,final_normalized_ke_mean,final_normalized_ke_std,final_velocity_l2_mean,final_velocity_l2_std,final_normalized_velocity_l2_mean,final_normalized_velocity_l2_std,max_div_max,final_enstrophy_mean,final_enstrophy_std,final_vorticity_l2_mean,final_vorticity_l2_std,final_mean_abs_vorticity_mean,final_mean_abs_vorticity_std,final_max_abs_vorticity_max
falling-block-water,apic,3,,1,39.25173729797825,0.0,2506.4558410644536,0.0,4.168071941405511,0.0,2.2389532559052916,0.0,2.041585643906596,0.0,,,,,,,,
falling-block-water,flip,3,0.0,1,75.49718232406303,0.0,5936.425781250002,0.0,9.903185160861698,0.0,3.4457004458455183,0.0,3.146932659092294,0.0,,,,,,,,
falling-block-water,flip,3,0.01,1,128.245,0.0,2952.5231933593755,0.0,4.92155881383237,0.0,2.4300301205373467,0.0,2.2184586572285654,0.0,0.755031,,,,,,,
falling-block-water,flip,3,0.05,1,43.992869216017425,0.0,1488.1887817382815,0.0,2.4688314582935433,0.0,1.7252181205507213,0.0,1.571251557928756,0.0,,,,,,,,
falling-block-water,flip,3,0.1,1,45.19707140605897,0.0,983.3687591552737,0.0,1.639208164392248,0.0,1.4024041922037125,0.0,1.2803156502957576,0.0,,,,,,,,
falling-block-water,pic,3,,1,28.266502049053088,0.0,38.33175659179688,0.0,0.06369254682144816,0.0,0.2768817675174618,0.0,0.252373823566249,0.0,,,,,,,,
